id,title,url,category,dead,awesome,revision
1,"Statistics Done Wrong: The woefully complete guide",https://www.statisticsdonewrong.com/,books,0,1,"2022-04-16"
2,"R twotorials",https://www.youtube.com/playlist?list=PLcgz5kNZFCkzSyBG3H-rUaPHoBXgijHfC,video,0,1,"2022-04-16"
3,"Statistisk signifikans - det kan man designe sig til",https://web.archive.org/web/20120512155735/https://ing.dk/artikel/128347-statistisk-signifikans-det-kan-man-designe-sig-til,danish,0,0,"2022-04-16"
4,"R Language Features",https://web.archive.org/web/20120709114441/www.revolutionanalytics.com/what-is-open-source-r/r-language-features/,R,0,0,"2022-04-16"
5,"CRAN Task Views",https://www.maths.lancs.ac.uk/~rowlings/R/TaskViews/,R,0,0,"2022-04-16"
6,"Convincing",https://xkcd.com/833/,funny,0,1,"2022-04-16"
7,"Learning R for Researchers in Psychology",http://jeromyanglim.blogspot.com/2009/06/learning-r-for-researchers-in.html,R,0,1,"2022-04-16"
8,"Videos on Data Analysis with R: Introductory, Intermediate, and Advanced Resources",http://jeromyanglim.blogspot.com/2010/05/videos-on-data-analysis-with-r.html,R,0,0,"2022-04-16"
9,"R-Uni (A List of 100 Free R Tutorials and Resources in University webpages)",https://pairach.com/2012/02/26/r-tutorials-from-universities-around-the-world/,R,0,1,"2022-04-16"
10,"Must-Have R Packages for Social Scientists",https://web.archive.org/web/20100328205938/http://drewconway.com/zia/?p=1614,R,0,0,"2022-04-16"
11,"Misinterpretations of Significance: A Problem Students Share with Their Teachers?",https://www.metheval.uni-jena.de/lehre/0405-ws/evaluationuebung/haller.pdf,hypothesis,0,1,"2022-04-16"
12,"The Most Dangerous Equation",https://web.archive.org/web/20111128224743/http://nsm.uh.edu/~dgraur/niv/TheMostDangerousEquation.pdf,samplesize,0,1,"2022-04-16"
13,"Google's R Style Guide",https://google.github.io/styleguide/Rguide.xml,R,0,1,"2022-04-17"
14,"Building a presentation, report or paper in R",https://web.archive.org/web/20130721144537/http://www.investuotojas.eu/2012/08/01/building-a-presentation-report-or-paper-in-r/,R,0,0,"2022-04-17"
15,"Miscellanea: On Heteros*edasticity",https://www.ime.usp.br/~abe/lista/pdfZAptC9KazU.pdf,terminology,0,1,"2022-04-17"
16,"Transformations: an introduction",http://fmwww.bc.edu/repec/bocode/t/transint.html,general,0,1,"2022-04-17"
17,"May I Show You My Collection of p-Values?",https://davegiles.blogspot.com/2011/04/may-i-show-you-my-collection-of-p.html,hypothesis,0,0,"2022-04-17"
18,"Plots that Changed the World",https://ifweassume.blogspot.com/2012/07/plots-that-changed-world.html,visualisation,0,1,"2022-04-17"
19,"A First Lesson in Econometrics",https://www.uibk.ac.at/econometrics/lit/siegfried_jpe_70.pdf,funny,0,1,"2022-04-17"
20,"A collection of datasets originally distributed in various R packages",https://vincentarelbundock.github.io/Rdatasets/,R,0,1,"2022-04-17"
21,"Regression and Causation: A Critical Examination of Six Econometrics Textbooks",http://ftp.cs.ucla.edu/pub/stat_ser/r395.pdf,teaching,0,0,"2022-04-19"
22,"A peculiar prevalence of p values just below .05",https://pubmed.ncbi.nlm.nih.gov/22853650/,hypothesis,0,0,"2022-04-19"
23,"What data can and cannot do",https://blog.okfn.org/2012/06/04/what-data-can-and-cannot-do/,data,0,1,"2022-04-19"
24,"Data Gift Guide",https://flowingdata.com/2012/11/26/data-gift-guide/,funny,0,0,"2022-04-19"
25,"The statisticians at Fox News use classic and novel graphical techniques to lead with data",https://web.archive.org/web/20121225235950/https://simplystatistics.org/2012/11/26/the-statisticians-at-fox-news-use-classic-and-novel-graphical-techniques-to-lead-with-data/,visualisation,0,1,"2022-04-19"
26,"The top ten worst graphs",https://www.biostat.wisc.edu/~kbroman/topten_worstgraphs/,visualisation,0,1,"2022-04-19"
27,"Getting Started with Charts in R",https://flowingdata.com/2012/12/17/getting-started-with-charts-in-r/,R,0,1,"2022-04-19"
28,"Data visualization: a reading list",https://erikgahner.dk/2020/data-visualization-a-reading-list/,visualisation,0,1,"2022-04-19"
29,"A Guide to Getting International Statistics into R",https://erikgahner.dk/2019/a-guide-to-getting-international-statistics-into-r/,R,0,1,"2022-04-19"
30,"The Null Ritual: What You Always Wanted to Know About Significance Testing but Were Afraid to Ask",http://library.mpib-berlin.mpg.de/ft/gg/GG_Null_2004.pdf,hypothesis,0,1,"2022-04-23"
31,"The Ecological Fallacy",https://web.archive.org/web/20141009022504/http://blog.statwing.com/the-ecological-fallacy/,general,0,0,"2022-04-23"
32,"Labeling the Vertical Axis in R Plots",https://web.archive.org/web/20130312232559/http://www.carlislerainey.com/2012/12/24/labeling-the-vertical-axis-in-r-plots/,R,0,0,"2022-04-23"
33,"Make a Christmas Tree in R with random ornaments/presents",https://web.archive.org/web/20130119123246/https://simplystatistics.org/2012/12/24/make-a-christmas-tree-in-r-with-random-ornamentspresents/,R,0,0,"2022-04-23"
34,"Text analysis made too easy with the tm package",https://is-r.tumblr.com/post/37975717466/text-analysis-made-too-easy-with-the-tm-package,R,0,0,"2022-04-23"
35,"Statistics Quotes",http://www.math.wpi.edu/Course_Materials/SAS/quotes.html,general,0,0,"2022-04-23"
36,"Government 2001: Advanced Quantitative Research Methodology",http://isites.harvard.edu/icb/icb.do?keyword=k80718&pageid=icb.page426816,course,1,0,"2022-04-24"
37,"Introduction to R lectures for ECPR Winter School 2013",http://zfazekas.github.com/teaching/2013/02/17/ecpr-intro-to-R/,R,1,0,"2022-04-24"
38,"CRAN: Contributed Documentation",https://cran.r-project.org/other-docs.html,R,0,0,"2022-04-24"
39,"Beware the Big Errors of 'Big Data'",https://www.wired.com/2013/02/big-data-means-big-errors-people/,data,0,1,"2022-04-24"
40,"Andrew Gelman's favorite plot",https://figured.io/learn/andrew-gelmans-favorite-plot,visualisation,1,0,"2022-04-24"
41,"Deep Inside: A Study of 10,000 Porn Stars and Their Careers",https://jonmillward.com/blog/studies/deep-inside-a-study-of-10000-porn-stars/,funny,0,0,"2022-04-24"
42,"How to annoy a statistical referee?",https://stats.stackexchange.com/questions/3814/how-to-annoy-a-statistical-referee,general,0,0,"2022-04-24"
43,"What are common statistical sins?",https://stats.stackexchange.com/questions/4551/what-are-common-statistical-sins,general,0,0,"2022-04-24"
44,"R and social media",https://www.burns-stat.com/r-and-social-media/,R,0,0,"2022-04-24"
45,"High Impact = High Statistical Standards? Not Necessarily So",https://doi.org/10.1371/journal.pone.0056180,general,0,0,"2022-04-24"
46,"Top 6 reasons you need to be using RStudio",https://web.archive.org/web/20130729205809/http://www.ancienteco.com/2013/02/top-6-reasons-you-need-to-be-using.html,R,0,0,"2022-04-24"
47,"How to Display Data Badly",https://soc.washington.edu/users/bpettit/soc504/wainer_display.pdf,visualisation,1,0,"2022-04-24"
48,"R to Latex packages - coverage",https://conjugateprior.org/2013/03/r-to-latex-packages-coverage/,R,0,0,"2022-04-24"
49,"Basic Introduction to ggplot2",http://www.ancienteco.com/2012/03/basic-introduction-to-ggplot2.html,R,1,0,"2022-04-26"
50,"How to customize ggplot2 graphics",http://www.ancienteco.com/2012/03/how-to-customize-ggplot2-graphics.html,R,1,0,"2022-04-26"
51,"Plotting lm and glm models with ggplot",https://strengejacke.wordpress.com/2013/03/22/plotting-lm-and-glm-models-with-ggplot-rstats/,R,1,0,"2022-04-26"
52,"Stats Terms Explained in “Plain English”: Multicollinearity",http://www.statsmakemecry.com/smmctheblog/2010/8/18/top-ten-confusing-stats-terms-explained-in-plain-english-9-m.html,general,1,0,"2022-04-26"
53,"Stats Terms Explained in “Plain English”: Residual",http://www.statsmakemecry.com/smmctheblog/2010/10/25/top-ten-confusing-stats-terms-explained-in-plain-english-8-r.html,general,1,0,"2022-04-26"
54,"Stats Terms Explained in “Plain English”: Heteroscedasticity",http://www.statsmakemecry.com/smmctheblog/2013/4/22/top-ten-confusing-stats-terms-explained-in-plain-english-7-h.html,general,1,0,"2022-04-26"
55,"Easily plotting grouped bars with ggplot #rstats",https://strengejacke.wordpress.com/2013/03/05/easily-plotting-grouped-bars-with-ggplot/,R,0,0,"2022-04-26"
56,"Kalkalash! Pinpointing the Moments “The Simpsons” became less Cromulent",https://diffuseprior.wordpress.com/2013/04/30/kalkalash-pinpointing-the-moments-the-simpsons-became-less-cromulent/,funny,0,0,"2022-04-26"
57,"Still Not Significant",https://mchankins.wordpress.com/2013/04/21/still-not-significant-2/,funny,0,1,"2022-04-28"
58,"Stata Tutorial",https://data.princeton.edu/stata/,Stata,0,1,"2022-04-28"
59,"Tips for using Stata",https://www.techtips.surveydesign.com.au/blog/categories/stata,Stata,0,1,"2022-04-28"
60,"Visualising data with ggplot2",https://mathtube.org/lecture/video/visualising-data-ggplot2,R,0,0,"2022-04-28"
61,"Nice R Code",https://nicercode.github.io/,R,0,0,"2022-04-28"
62,"Stata-Bloggers",http://stata-bloggers.com/,Stata,1,0,"2022-04-28"
63,"Resources to help you learn and use Stata",http://www.ats.ucla.edu/stat/stata/,Stata,1,0,"2022-04-28"
64,"Stata Graphs",https://surveydesign.com.au/Stata%20Graphs.html,Stata,1,0,"2022-04-28"
65,"Matching Madness: Causal Inference in Political Methodology",https://politicalmethodology.wordpress.com/2013/07/25/matching-madness-causal-inference-in-political-methodology/,academia,0,0,"2022-04-30"
66,"Too Good to Be True",https://slate.com/technology/2013/07/statistics-and-psychology-multiple-comparisons-give-spurious-results.html,replication,0,0,"2022-04-30"
67,"Version Control with Git and SVN",https://support.rstudio.com/hc/en-us/articles/200532077-Version-Control-with-Git-and-SVN,R,0,0,"2022-04-30"
68,"Plotting Likert-Scales (net stacked distributions) with ggplot #rstats",https://strengejacke.wordpress.com/2013/07/17/plotting-likert-scales-net-stacked-distributions-with-ggplot-rstats/,R,0,0,"2022-04-30"
69,"Code and Data for the Social Sciences: A Practitioner's Guide",https://faculty.chicagobooth.edu/jesse.shapiro/research/CodeAndData.pdf,replication,1,0,"2022-04-30"
70,"Easy pictograms using R",https://robertgrantstats.wordpress.com/2013/07/26/easy-pictograms-using-r/,R,1,0,"2022-04-30"
71,"Creating publication quality graphs in R",http://teachpress.environmentalinformatics-marburg.de/2013/07/creating-publication-quality-graphs-in-r-7/,R,1,0,"2022-04-30"
72,"The New Statistics: Why and How",https://doi.org/10.1177/0956797613504966,hypothesis,0,1,"2022-04-30"
73,"It's Too Hard to Publish Criticisms and Obtain Data for Replication",http://www.stat.columbia.edu/~gelman/research/published/ChanceEthics8.pdf,replication,0,1,"2022-04-30"
74,"The flawed logic of chasing large effects with small samples",https://thehardestscience.com/2013/09/09/the-flawed-logic-of-chasing-large-effects-with-small-samples/,samplesize,0,1,"2022-04-30"
75,"New Poll Shows Correlation is Causation",http://obereed.net/hh/correlation.html,funny,0,1,"2022-04-30"
76,"A short list of online articles and references on data journalism",http://www.smalldatajournalism.com/readings/,data,0,1,"2022-04-30"
77,"Materials for workshop 'Data Visualization with R and ggplot2'",https://github.com/pablobarbera/Rdataviz,R,0,0,"2022-04-30"
78,"Metode & Forskningsdesign: DDA's nye Open Access tidsskrift er nu på gaden",http://samfund.dda.dk/dda/Nyheder/nyhed3.asp,danish,1,0,"2022-04-30"
79,"Data Visualization in Sociology",https://kieranhealy.org/files/papers/data-visualization.pdf,visualisation,0,1,"2022-05-01"
80,"Statistical significance and its part in science downfalls",https://blogs.scientificamerican.com/absolutely-maybe/statistical-significance-and-its-part-in-science-downfalls/,hypothesis,0,1,"2022-05-01"
81,"How to analyze your Facebook friends network with R",https://blog.revolutionanalytics.com/2013/11/how-to-analyze-you-facebook-friends-network-with-r.html,R,0,0,"2022-05-01"
82,"The garden of forking paths",http://www.stat.columbia.edu/~gelman/research/unpublished/p_hacking.pdf,replication,0,0,"2022-05-01"
83,"Is published economics research credible?",http://marketdesigner.blogspot.com/2013/11/is-published-economics-research-credible.html,replication,0,0,"2022-05-01"
84,"Did You Hear the One About Sex, Traffic Accidents, and Acacia Trees?",https://slate.com/news-and-politics/2013/11/sex-traffic-accidents-and-acacia-trees-a-new-paper-skewers-academic-papers-based-on-dubious-correlations.html,replication,0,0,"2022-05-01"
85,"Download kommunalvalgsdata fra kmdvalg.dk",https://gist.github.com/sebastianbarfort/7561952,danish,0,0,"2022-05-01"
86,"An Economist's Guide to Visualizing Data",https://pubs.aeaweb.org/doi/pdfplus/10.1257/jep.28.1.209,visualisation,0,1,"2022-05-01"
87,"Seven deadly sins of contemporary quantitative political analysis",https://doi.org/10.1177/0022343313499597,general,0,1,"2022-05-01"
88,"Scientists losing data at a rapid rate",https://www.nature.com/articles/nature.2013.14416,replication,0,0,"2022-05-01"
89,"Programmatically download political science data with the psData package",http://christophergandrud.blogspot.com/2014/02/programmatically-download-political.html,R,0,0,"2022-05-01"
90,"Ethics and Statistics: The AAA Tranche of Subprime Science",https://amstat.tandfonline.com/doi/abs/10.1080/09332480.2014.890872,ethics,0,0,"2022-05-01"
91,"A Wes Anderson color palette for R",https://github.com/karthik/wesanderson,R,0,0,"2022-05-01"
92,"Why 'Big Data' Is a Big Deal",https://www.harvardmagazine.com/2014/03/why-big-data-is-a-big-deal,data,0,0,"2022-05-01"
93,"Spurious correlations",http://www.tylervigen.com/spurious-correlations,funny,0,1,"2022-05-02"
94,"The trouble with viral maps. Plus: Some fun viral maps!",http://www.slate.com/articles/arts/culturebox/2014/04/viral_maps_the_problem_with_all_those_fun_maps_of_the_u_s_plus_some_fun.html,spatial,0,1,"2022-05-02"
95,"Dictionary: Stata to R",https://github.com/EconometricsBySimulation/RStata/wiki/Dictionary:-Stata-to-R,Stata,0,1,"2022-05-02"
96,"How Not to Be Misled by the Jobs Report",https://www.nytimes.com/2014/05/02/upshot/how-not-to-be-misled-by-the-jobs-report.html,general,0,0,"2022-05-02"
97,"Fake-Data Colada: Excessive Linearity",https://datacolada.org/21,replication,0,0,"2022-05-02"
98,"Political Campaigns and Big Data",https://pubs.aeaweb.org/doi/pdfplus/10.1257/jep.28.2.51,data,0,0,"2022-05-02"
99,"The Most Comprehensive Review of Comic Books Teaching Statistics",https://www.sumsar.net/blog/2014/06/statistics-comic-book-review/,funny,0,1,"2022-05-02"
100,"Listwise Deletion: It's NOT Evil",https://statisticalhorizons.com/listwise-deletion-its-not-evil/,missingdata,0,1,"2022-05-02"
101,"pander: An R Pandoc Writer",http://rapporter.github.io/pander/,R,0,0,"2022-05-02"
102,"How to share data with a statistician",https://github.com/jtleek/datasharing,data,0,1,"2022-05-02"
103,"List of resources for the Stata commands 'margins' and 'marginsplot'",http://economicspsychologypolicy.blogspot.com/2014/09/list-of-resources-for-stata-commands.html,Stata,0,1,"2022-05-02"
104,"How The FiveThirtyEight Senate Forecast Model Works",https://fivethirtyeight.com/features/how-the-fivethirtyeight-senate-forecast-model-works/,forecast,0,0,"2022-05-02"
105,"ggthemr",https://github.com/Mikata-Project/ggthemr,R,0,0,"2022-05-02"
106,"Historisk statistik",https://www.dst.dk/da/Statistik/nyheder-analyser-publ/historisk-statistik,danish,0,0,"2022-05-02"
107,"Replication and reputation: Whose career matters?",http://deevybee.blogspot.com/2014/08/replication-and-reputation-whose-career.html,replication,0,0,"2022-05-02"
108,"Research replication in social science: reflections from Nathaniel Beck",https://blog.oup.com/2014/08/research-replication-nathaniel-beck/,replication,0,0,"2022-05-02"
109,"Common Misconceptions about Data Analysis and Statistics",https://jpet.aspetjournals.org/content/jpet/351/1/200.full.pdf,hypothesis,0,1,"2022-05-04"
110,"PolData: A dataset with political datasets",https://github.com/erikgahner/PolData,dataset,0,1,"2022-05-04"
111,"English and European soccer results 1871-2020",https://github.com/jalapic/engsoccerdata,dataset,0,1,"2022-05-04"
112,"Data wrangling, exploration, and analysis with R",https://stat545.com/,R,0,1,"2022-05-04"
113,"Taking a Chance in the Classroom: Five Concrete Reasons Your Students Should Be Learning to Analyze Data in the Reproducible Paradigm",https://doi.org/10.1080/09332480.2014.965635,replication,0,0,"2022-05-04"
114,"What p-hacking really looks like: A comment on Masicampo & LaLande (2012)",http://daniellakens.blogspot.com/2014/09/what-p-hacking-really-looks-like.html,hypothesis,0,0,"2022-05-04"
115,"Qualitative Comparative Analysis in Critical Perspective",https://doi.org/10.1177/0081175014532763,QCA,0,0,"2022-05-04"
116,"How to Make More Published Research True",https://doi.org/10.1371/journal.pmed.1001747,replication,0,0,"2022-05-04"
117,"Reproducible Research: What, Why, and How?",https://thomasleeper.com/rrcourse/Slides/WhatWhyHow.pdf,replication,0,0,"2022-05-04"
118,"Sailing between the Scylla of hyping of sexy research and the Charybdis of reflexive skepticism",https://statmodeling.stat.columbia.edu/2014/10/22/sailing-scylla-hyping-sexy-research-charybdis-reflexive-skepticism/,replication,0,0,"2022-05-04"
119,"Six quick tips to improve your regression modeling",https://statmodeling.stat.columbia.edu/2015/01/29/six-quick-tips-improve-regression-modeling/,regression,0,1,"2022-05-08"
120,"A Simple Introduction to the Graphing Philosophy of ggplot2",https://tomhopper.me/2014/03/28/a-simple-introduction-to-the-graphing-philosophy-of-ggplot2/,R,0,0,"2022-05-08"
121,"Books and lessons about ggplot2",https://onunicornsandgenes.blog/2014/02/20/books-and-lessons-about-ggplot2/,R,0,0,"2022-05-08"
122,"How to format plots for publication using ggplot2 (with some help from Inkscape)",http://www.noamross.net/archives/2013-11-20-formatting-plots-for-pubs/,R,0,0,"2022-05-08"
123,"ggplot2: Cheatsheet for Visualizing Distributions",http://rforpublichealth.blogspot.com/2014/02/ggplot2-cheatsheet-for-visualizing.html,R,0,0,"2022-05-08"
124,"Programming tools: Adventures with R",https://www.nature.com/articles/517109a,R,0,0,"2022-05-08"
125,"Sociology 504: Advanced data analysis for the social sciences",http://www.princeton.edu/~mjs3/soc504_s2015/,general,0,0,"2022-05-08"
126,"Always use Welch's t-test instead of Student's t-test",http://daniellakens.blogspot.com/2015/01/always-use-welchs-t-test-instead-of.html,hypothesis,0,0,"2022-05-08"
127,"Valgdata skal være åbne",https://dk.okfn.org/2015/01/27/valgdata-skal-vaere-abne/,danish,0,0,"2022-05-08"
128,"Awesome Public Datasets",https://github.com/awesomedata/awesome-public-datasets,dataset,0,1,"2022-05-09"
129,"Bayesian survival analysis for Game of Thrones",http://allendowney.blogspot.com/2015/03/bayesian-survival-analysis-for-game-of.html,funny,0,1,"2022-05-09"
130,"Underreporting in Political Science Survey Experiments: Comparing Questionnaires to Published Results",https://www.cambridge.org/core/journals/political-analysis/article/abs/underreporting-in-political-science-survey-experiments-comparing-questionnaires-to-published-results/4EFEC8AF4CDBD77B360CB7692A13A398,replication,0,0,"2022-05-09"
131,"A Compendium of Clean Graphs in R",http://www.nicebread.de/a-compendium-of-clean-graphs-in-r/,R,0,0,"2022-05-09"
132,"Using Bayes Factors to Get the Most out of Linear Regression: A Practical Guide Using R",https://thewinnower.com/papers/using-bayes-factors-to-get-the-most-out-of-linear-regression-a-practical-guide-using-r,regression,0,0,"2022-05-09"
133,"Reproducing Statistical Results",https://www.annualreviews.org/doi/abs/10.1146/annurev-statistics-010814-020127,replication,0,1,"2022-05-09"
134,"Beyond Bar and Line Graphs: Time for a New Data Presentation Paradigm",https://journals.plos.org/plosbiology/article?id=10.1371/journal.pbio.1002128,visualisation,0,1,"2022-05-09"
135,"Software development skills for data scientists",https://treycausey.com/software_dev_skills.html,software,0,1,"2022-05-09"
136,"Explained Visually",https://setosa.io/ev/,visualisation,0,1,"2022-05-09"
137,"Leading journal verifies articles before publication - so far, all replications failed",https://politicalsciencereplication.wordpress.com/2015/05/04/leading-journal-verifies-articles-before-publication-so-far-all-replications-failed/,replication,0,0,"2022-05-09"
138,"The Pseudo Third Dimension",https://www.jstor.org/stable/2682265,visualisation,0,0,"2022-05-09"
139,"Sluggish data sharing hampers reproducibility effort",https://www.nature.com/articles/nature.2015.17694,replication,0,1,"2022-05-10"
140,"Self Evaluation for Reproducible Science",https://github.com/BIDS/reproducibility-wg/blob/master/self_eval/self-eval.md,replication,0,1,"2022-05-10"
141,"Understanding the t-distribution and its normal approximation",https://rpsychologist.com/d3/tdist/,distribution,0,1,"2022-05-10"
142,"Power Naps: When do Within-Subject Comparisons Help vs Hurt (yes, hurt) Power?",http://datacolada.org/39,data,0,0,"2022-05-10"
143,"Two proposals for incentivizing data archiving",https://ingorohlfing.wordpress.com/2015/06/18/two-proposals-for-incentivizing-data-archiving/,replication,0,0,"2022-05-10"
144,"Graphical Data Analysis with R",http://www.gradaanwr.net/,R,0,0,"2022-05-10"
145,"Open Science and Reproducible Badges",https://github.com/uwescience/reproducible/wiki/%5BDRAFT%5D-Open-Science-and-Reproducible-Badges,replication,0,0,"2022-05-10"
146,"Introduction to Open Science: Why data versioning and data care practices are key for science and social science.",https://blogs.lse.ac.uk/impactofsocialsciences/2015/02/09/data-versioning-open-science/,replication,0,0,"2022-05-10"
147,"Data poverty makes it harder to fix real poverty. That's why the UN should push countries to gather and share data.",https://www.washingtonpost.com/news/monkey-cage/wp/2015/07/20/data-poverty-makes-it-harder-to-fix-real-poverty-thats-why-the-un-should-push-countries-to-gather-and-share-data/,data,0,0,"2022-05-10"
148,"Piketty in R",https://github.com/jtleek/capitalIn21stCenturyinR,R,0,0,"2022-05-10"
149,"How Can I Get Started Using R?",https://thomasleeper.com/2015/07/r-getting-started/,R,0,0,"2022-05-10"
150,"A Statistical Analysis of the LearnedLeague Trivia Competition",https://toddwschneider.com/posts/statistical-analysis-of-learnedleague-trivia-competition/,R,0,0,"2022-05-10"
151,"Danish General Election Results 1953-2019",https://github.com/Straubinger/folketingsvalg,data,0,0,"2022-05-10"
152,"Is withholding your data simply bad science, or should it fall under scientific misconduct?",https://blogs.lse.ac.uk/impactofsocialsciences/2015/07/03/data-secrecy-bad-science-or-scientific-misconduct/,replication,0,0,"2022-05-10"
153,"Science Isn't Broken: It's just a hell of a lot harder than we give it credit for",https://fivethirtyeight.com/features/science-isnt-broken/,replication,0,1,"2022-05-12"
154,"Real Chart Rules to Follow",https://flowingdata.com/2015/08/11/real-chart-rules-to-follow/,visualisation,0,1,"2022-05-12"
155,"Tufte in R",http://motioninsocial.com/tufte/,R,0,1,"2022-05-12"
156,"Understanding Statistical Power and Significance Testing",https://rpsychologist.com/d3/nhst/,hypothesis,0,1,"2022-05-12"
157,"Why econometrics teaching needs an overhaul",https://www.weforum.org/agenda/2015/05/why-econometrics-teaching-needs-an-overhaul/,teaching,0,0,"2022-05-12"
158,"What Does Probability Mean in Your Profession?",https://mathwithbaddrawings.com/2015/09/23/what-does-probability-mean-in-your-profession/,probability,0,1,"2022-05-13"
159,"Trumping Bonferroni to keep your ANOVAs honest",https://featuredcontent.psychonomic.org/trumping-bonferroni-to-keep-your-anovas-honest/,anova,0,0,"2022-05-13"
160,"Graph and chart aesthetics for experts and laymen in design: The role of familiarity and perceived ease of use",https://journals.sagepub.com/doi/abs/10.1177/1473871615606478,visualisation,0,0,"2022-05-13"
161,"The slower, harder ways to increase reproducibility",http://babieslearninglanguage.blogspot.com/2015/08/the-slower-harder-ways-to-increase.html,replication,0,0,"2022-05-13"
162,"Multiple Hypothesis Testing",https://multithreaded.stitchfix.com/blog/2015/10/15/multiple-hypothesis-testing/,hypothesis,0,1,"2022-05-14"
163,"The fallacy of placing confidence in confidence intervals",https://doi.org/10.3758/s13423-015-0947-8,hypothesis,0,0,"2022-05-14"
164,"Soc 880: Data Visualization",http://socviz.github.io/soc880/,visualisation,0,0,"2022-05-14"
165,"CS-5630/6630 | Visualization | Fall 2014",http://www.sci.utah.edu/~miriah/cs6630/,visualisation,0,0,"2022-05-14"
166,"Data Analysis and Visualization Using R",http://varianceexplained.org/RData/,R,0,0,"2022-05-14"
167,"Checking your Stats, and Some Errors we Make",http://daniellakens.blogspot.com/2015/10/checking-your-stats-and-some-errors-we.html,replication,0,0,"2022-05-14"
168,"How to p-hack",http://xeniaschmalz.blogspot.com/2015/10/how-to-p-hack.html,replication,0,0,"2022-05-14"
169,"Accepting the Null: Where to Draw the Line?",http://datacolada.org/42,hypothesis,0,0,"2022-05-14"
170,"Raw Data",https://soundcloud.com/rawdatapodcast,podcast,0,0,"2022-05-14"
171,"The Quartz guide to bad data",https://github.com/Quartz/bad-data-guide,data,0,1,"2022-05-15"
172,"Bayesian Inference: an interactive visualization",https://rpsychologist.com/d3/bayes/,Bayesian,0,1,"2022-05-15"
173,"Understanding Bayes: Evidence vs. Conclusions",https://alexanderetz.com/2015/11/01/evidence-vs-conclusions/,Bayesian,0,1,"2022-05-15"
174,"A Bayesian Model to Calculate Whether My Wife is Pregnant or Not",https://www.sumsar.net/blog/2015/11/a-bayesian-model-to-calculate-whether-my-wife-is-pregnant/,Bayesian,0,1,"2022-05-15"
175,"R Markdowns",http://www.di.fc.ul.pt/~jpn/r/,R,0,0,"2022-05-15"
176,"Not Even Scientists Can Easily Explain P-values",https://fivethirtyeight.com/features/not-even-scientists-can-easily-explain-p-values/,hypothesis,0,0,"2022-05-15"
177,"Statistikere dybt uenige: Får sorte fodboldspillere flere røde kort end hvide?",https://ing.dk/artikel/statistikere-dybt-uenige-faar-sorte-fodboldspillere-flere-roede-kort-end-hvide-179990,danish,0,0,"2022-05-15"
178,"Who's afraid of Open Data",http://deevybee.blogspot.com/2015/11/whos-afraid-of-open-data.html,replication,0,0,"2022-05-15"
179,"Habits and open data: Helping students develop a theory of scientific mind",http://bayesfactor.blogspot.com/2015/11/habits-and-open-data-helping-students.html,replication,0,0,"2022-05-15"
180,"Statistisk talt",https://www.dst.dk/da/Statistik/nyheder-analyser-publ/Publikationer/VisPub?cid=15329,danish,0,0,"2022-05-15"
181,"A Byte of Python",https://python.swaroopch.com/,Python,0,1,"2022-05-15"
182,"Python for Political Scientists, Spring 2013 Recap",https://mattdickenson.com/2013/05/06/python-for-political-scientists-spring-2013-recap/,Python,Python,0,0,"2022-05-15"
183,"Evaluating Scripting Languages: How Python Can Help Political Methodologists",http://kops.uni-konstanz.de/bitstream/handle/123456789/3880/doering_2008.pdf?sequence=1&isAllowed=y,Python,0,0,"2022-05-15"
184,"seaborn: statistical data visualization",http://seaborn.pydata.org/index.html,Python,0,0,"2022-05-15"
185,"Guess the Correlation",http://guessthecorrelation.com/,correlation,0,1,"2022-05-18"
186,"2015: The Year in Visual Stories and Graphics",https://www.nytimes.com/interactive/2015/us/year-in-interactive-storytelling.html,visualisation,0,0,"2022-05-18"
187,"The Power of the “Power Pose”",https://slate.com/technology/2016/01/amy-cuddys-power-pose-research-is-the-latest-example-of-scientific-overreach.html,replication,0,0,"2022-05-18"
188,"100 “must read” R-bloggers' posts for 2015",https://www.r-bloggers.com/2016/01/100-must-read-r-bloggers-posts-for-2015/,R,0,0,"2022-05-18"
189,"Meta-analyses are no substitute for registered replications: a skeptical perspective on religious priming",https://doi.org/10.3389/fpsyg.2015.01365,metaanalysis,0,1,"2022-05-18"
190,"How to create confounders with regression: a lesson from causal inference",http://anythingbutrbitrary.blogspot.com/2016/01/how-to-create-confounders-with.html,regression,0,1,"2022-05-18"
191,"Understanding Bayes: How to become a Bayesian in eight easy steps",https://alexanderetz.com/2016/02/07/understanding-bayes-how-to-become-a-bayesian-in-eight-easy-steps/,Bayes,0,1,"2022-05-18"
192,"A Variant on "Statistically Controlling for Confounding Constructs is Harder than you Think",http://www.johnmyleswhite.com/notebook/2016/02/25/a-variant-on-statistically-controlling-for-confounding-constructs-is-harder-than-you-think/,regression,0,0,"2022-05-18"
193,"A reading list for the Replicability Crisis",http://crystalprisonzone.blogspot.com/2016/03/a-reading-list-for-replicability-crisis.html,replication,0,1,"2022-05-18"
194,"An Introduction on How to Make Beautiful Charts With R and ggplot2",https://minimaxir.com/2015/02/ggplot-tutorial/,R,0,0,"2022-05-18"
195,"Comparing ggplot2 and R Base Graphics",https://flowingdata.com/2016/03/22/comparing-ggplot2-and-r-base-graphics/,R,0,0,"2022-05-18"
196,"Discover and install useful RStudio addins",https://github.com/daattali/addinslist,R,0,0,"2022-05-18"
197,"Creating a LOESS animation with gganimate",http://varianceexplained.org/files/loess.html,R,0,0,"2022-05-18"
198,"interplot: Plot the Effects of Variables in Interaction Terms",https://cran.r-project.org/web/packages/interplot/vignettes/interplot-vignette.html,R,0,0,"2022-05-18"
199,"An unhealthy obsession with p-values is ruining science",https://www.vox.com/2016/3/15/11225162/p-value-simple-definition-hacking,hypothesis,0,0,"2022-05-18"
200,"Statistikere udsender sjælden form for advarsel",https://ing.dk/artikel/statistikere-udsender-sjaelden-form-advarsel-183096,danish,0,0,"2022-05-18"
201,"Rock 'n Poll",http://rocknpoll.graphics/,visualisation,0,0,"2022-05-18"
202,"Demystifying Box-and-whisker plots — Part 1",https://www.infragistics.com/community/blogs/b/tim_brock/posts/demystifying-box-and-whisker-plots-part-1,visualisation,0,0,"2022-05-18"
203,"Demystifying Box-and-whisker Plots — Part 2",https://www.infragistics.com/community/blogs/b/tim_brock/posts/demystifying-box-and-whisker-plots-part-2,visualisation,0,0,"2022-05-18"
204,"Statistical tests, P values, confidence intervals, and power: a guide to misinterpretations",https://doi.org/10.1007/s10654-016-0149-3,hypothesis,0,1,"2022-05-19"
205,"RWeekly.org: Blogs to Learn R from the Community",https://rweekly.org/,R,0,1,"2022-05-19"
206,"Ten Simple Rules for Effective Statistical Practice",https://doi.org/10.1371/journal.pcbi.1004961,software,0,1,"2022-05-19"
207,"Advice for learning to code from scratch",http://www.russpoldrack.org/2016/05/advice-for-learning-to-code-from-scratch.html,software,0,0,"2022-05-19"
208,"Vectorization in R: Why?",http://www.noamross.net/archives/2014-04-16-vectorization-in-r-why/,R,0,0,"2022-05-19"
209,"Causal Empiricism in Quantitative Research",https://doi.org/10.1086/686690,causality,0,0,"2022-05-19"
210,"Workshop: Automated Text Analysis with R",https://github.com/pablobarbera/eui-text-workshop,textanalysis,0,0,"2022-05-19"
211,"Spring du bare den næste meningsmåling over",https://finans.dk/debat/ECE8669480/spring-du-bare-den-naeste-meningsmaaling-over/,danish,0,0,"2022-05-19"
212,"Good Books for All Things Data",https://multithreaded.stitchfix.com/blog/2016/06/09/ds-books/,books,0,0,"2022-05-19"
213,"Survey Experiments in Practice",https://thomasleeper.com/surveyexpcourse/,experiments,0,1,"2022-05-19"
214,"DrawMyData: a tool for teaching stats and data science",http://robertgrantstats.co.uk/drawmydata.html,teaching,0,1,"2022-05-19"
215,"Text Mining with R on Vikings episode scripts",http://www.networkx.nl/data-science/text-mining-r-vikings/,R,0,0,"2022-05-19"
216,"Introduction to the viridis color maps",https://cran.r-project.org/web/packages/viridis/vignettes/intro-to-viridis.html,R,0,0,"2022-05-19"
217,"Stop Using Google Trends",https://medium.com/@dannypage/stop-using-google-trends-a5014dd32588,data,0,0,"2022-05-19"
218,"Everything is fucked: The syllabus",https://thehardestscience.com/2016/08/11/everything-is-fucked-the-syllabus/,replication,0,0,"2022-05-19"
219,"Efficient R programming",https://csgillespie.github.io/efficientR/,R,0,1,"2022-05-21"
220,"Why the Father of Modern Statistics Didn't Believe Smoking Caused Cancer",https://priceonomics.com/why-the-father-of-modern-statistics-didnt-believe/,history,0,1,"2022-05-21"
221,"Visualising Residuals",https://drsimonj.svbtle.com/visualising-residuals,R,0,0,"2022-05-21"
222,"13 Tips For Reading General Election Polls Like A Pro",https://fivethirtyeight.com/features/13-tips-for-reading-general-election-polls-like-a-pro/,general,0,0,"2022-05-21"
223,"Not So Standard Deviations",https://soundcloud.com/nssd-podcast,podcast,0,0,"2022-05-21"
224,"Exploring Fitness Data in R",https://jonathande4.wordpress.com/2016/09/05/exploring-fitness-data-in-r/,R,0,0,"2022-05-21"
225,"When Did Charts Become Popular?",https://priceonomics.com/when-did-charts-become-popular/,visualisation,0,0,"2022-05-21"
226,"What has happened down here is the winds have changed",https://statmodeling.stat.columbia.edu/2016/09/21/what-has-happened-down-here-is-the-winds-have-changed/,replication,0,0,"2022-05-21"
227,"GoodReads: Webscraping and Text Analysis with R (Part 1)",https://datascienceplus.com/goodreads-webscraping-and-text-analysis-with-r-part-1/,R,0,0,"2022-05-21"
228,"What data patterns can lie behind a correlation coefficient?",https://janhove.github.io/teaching/2016/11/21/what-correlations-look-like,correlation,0,1,"2022-05-21"
229,"How to better communicate election forecasts — in one simple chart",https://www.washingtonpost.com/news/monkey-cage/wp/2016/11/29/how-to-better-communicate-election-forecasts-in-one-simple-chart/,visualisation,0,0,"2022-05-21"
230,"Plotly R cheat sheet",https://images.plot.ly/plotly-documentation/images/r_cheat_sheet.pdf,R,0,0,"2022-05-21"
231,"The hard road to reproducibility",https://doi.org/10.1126/science.354.6308.142,replication,0,0,"2022-05-21"
232,"Equivalence, non-inferiority and superiority testing",https://rpsychologist.com/d3/equivalence/,hypothesis,0,0,"2022-05-21"
233,"The 10 Best Data Visualization Articles of 2016 (and Why They Were Awesome)",https://medium.com/datavisualization/the-10-best-data-visualization-articles-of-2016-and-why-they-were-awesome-ce30618ea06a,visualisation,0,0,"2022-05-21"
234,"Happy Git and GitHub for the useR",https://happygitwithr.com/,R,0,1,"2022-05-21"
235,"Extract Twitter Data Automatically using Scheduler R package",https://datascienceplus.com/extract-twitter-data-automatically-using-scheduler-r-package/,R,0,0,"2022-05-21"
236,"How to create a ggplot Theme - Unicorn Edition",http://flovv.github.io/unicorn_ggplot_theme/,R,0,0,"2022-05-21"
237,"loldata: Miscellaneous datasets provided for the lulz",https://github.com/tadaadata/loldata,data,0,0,"2022-05-21"
238,"Exploring the European Social Survey (ESS) - pipe-friendly workflow with sjmisc, part 2 #rstats #tidyverse",https://strengejacke.wordpress.com/2016/12/22/exploring-the-european-social-survey-ess-pipe-friendly-workflow-with-sjmisc-part-2-rstats-tidyverse/,R,0,0,"2022-05-21"
239,"Calling Bullshit",https://www.callingbullshit.org/,general,0,0,"2022-05-21"
240,"RStudio Cheatsheets",https://www.rstudio.com/resources/cheatsheets/,R,0,0,"2022-05-21"
241,"Exploring News Coverage With newsflash",https://rud.is/b/2017/02/01/exploring-news-coverage-with-newsflash/,R,0,0,"2022-05-21"
242,"Seeing Theory: A visual introduction to probability and statistics",https://seeing-theory.brown.edu/,probability,0,1,"2022-05-22"
243,"UK government using R to modernize reporting of official statistics",https://blog.revolutionanalytics.com/2017/03/uk-statistics.html,R,0,0,"2022-05-22"
244,"Strange R Things",https://rpubs.com/dbecker7/StrangeRThings,R,0,0,"2022-05-22"
245,"Excel is threatening the quality of research data — Data Packages are here to help",https://blogs.lse.ac.uk/impactofsocialsciences/2017/02/22/excel-is-threatening-the-quality-of-research-data-data-packages-are-here-to-help/,Excel,0,0,"2022-05-22"
246,"Social Media and Big Data Research",https://eventum.upf.edu/_files/_event/_7273/_editorFiles/file/Barbera-Scheme%20for%20courses%20information%20_Big%20Data_1_.pdf,data,0,0,"2022-05-22"
247,"Announcing ggraph: A grammar of graphics for relational data",https://www.data-imaginist.com/2017/Announcing-ggraph/,R,0,0,"2022-05-22"
248,"A glance at R-bloggers Twitter feed",https://masalmon.eu/2017/02/28/rbloggerstweets/,R,0,0,"2022-05-22"
249,"adventures in garbage millennial confirmation bias",https://scatter.wordpress.com/2017/04/01/adventures-in-garbage-millennial-confirmation-bias/,replication,0,0,"2022-05-22"
250,"How Histograms Work",https://flowingdata.com/2017/06/07/how-histograms-work/,visualisation,0,1,"2022-05-23"
251,"Examining the arc of 100,000 stories: a tidy analysis",http://varianceexplained.org/r/tidytext-plots/,R,0,0,"2022-05-23"
252,"Same Stats, Different Graphs: Generating Datasets with Varied Appearance and Identical Statistics through Simulated Annealing",https://www.autodesk.com/research/publications/same-stats-different-graphs,visualisation,0,0,"2022-05-23"
253,"Correlates of State Policy",http://www.ippsr.msu.edu/public-policy/correlates-state-policy,dataset,0,0,"2022-05-23"
254,"How much statistics do psychological scientists need to know? Also, a reading list",http://xeniaschmalz.blogspot.com/2017/04/how-much-statistics-do-psychological.html,replication,0,0,"2022-05-23"
255,"Defining Open Science Definitions",https://im2punt0.wordpress.com/2017/03/27/defining-open-science-definitions/,replication,0,0,"2022-05-23"
256,"Learning from Marginal Effects Plots",https://tompepinsky.com/2017/04/14/learning-from-marginal-effects-plots/,visualisation,0,0,"2022-05-23"
257,"Video Introduction to Bayesian Data Analysis, Part 1: What is Bayes?",https://www.sumsar.net/blog/2017/02/introduction-to-bayesian-data-analysis-part-one/,Bayes,0,0,"2022-05-23"
258,"Video Introduction to Bayesian Data Analysis, Part 2: Why use Bayes?",https://www.sumsar.net/blog/2017/02/introduction-to-bayesian-data-analysis-part-two/,Bayes,0,0,"2022-05-23"
259,"Video Introduction to Bayesian Data Analysis, Part 3: How to do Bayes?",https://www.sumsar.net/blog/2017/05/introduction-to-bayesian-data-analysis-part-three/,Bayes,0,0,"2022-05-23"
260,"What's so hard about histograms?",https://tinlizzie.org/histograms/,visualisation,0,1,"2022-05-23"
261,"The Only Probability Cheatsheet You'll Ever Need",http://www.wzchen.com/probability-cheatsheet,probability,0,1,"2022-05-23"
262,"Formula Interface for ggplot2",https://cran.r-project.org/web/packages/ggformula/vignettes/ggformula.html,R,0,0,"2022-05-23"
263,"Pooling the polls with Bayesian statistics",http://freerangestats.info/blog/2017/06/24/oz-polls-statespace,Bayesian,0,0,"2022-05-23"
264,"What is the tidyverse?",https://rviews.rstudio.com/2017/06/08/what-is-the-tidyverse/,R,0,0,"2022-05-23"
265,"Tips and tricks for working with images and figures in R Markdown documents",http://www.zevross.com/blog/2017/06/19/tips-and-tricks-for-working-with-images-and-figures-in-r-markdown-documents/,R,0,0,"2022-05-23"
266,"All hail ggplot2—The code powering all those excellent charts is 10 years old",https://qz.com/1007328/all-hail-ggplot2-the-code-powering-all-those-excellent-charts-is-10-years-old/,R,0,0,"2022-05-23"
267,"learnr: Interactive Tutorials for R",https://rstudio.github.io/learnr/,R,0,0,"2022-05-23"
268,"Teach the tidyverse to beginners",http://varianceexplained.org/r/teach-tidyverse/,R,0,0,"2022-05-23"
269,"Starter tips on sharing data and analysis scripts",https://katherinemwood.github.io/post/data_sharing_tips,data,0,0,"2022-05-23"
270,"What readings should be included in a seminar on the philosophy of statistics, the replication crisis, causation, etc.?",https://statmodeling.stat.columbia.edu/2017/08/07/36285/,replication,0,0,"2022-05-23"
271,"R Package for Analyzing John Snow's 1854 Cholera Data",https://github.com/lindbrook/cholera,R,0,0,"2022-05-23"
272,"Data Visualization: A practical introduction",https://socviz.co/,R,0,1,"2022-05-26"
273,"Using causal graphs to understand missingness and how to deal with it",http://jakewestfall.org/blog/index.php/2017/08/22/using-causal-graphs-to-understand-missingness-and-how-to-deal-with-it/,missingdata,0,1,"2022-05-26"
274,"'One-size-fits-all' threshold for P values under fire",https://doi.org/10.1038/nature.2017.22625,hypothesis,0,0,"2022-05-26"
275,"Be careful not to control for a post-exposure covariate",https://www.rdatagen.net/post/be-careful/,regression,0,0,"2022-05-26"
276,"data in the spotlight",https://www.gabrielaplucinska.com/,visualisation,0,0,"2022-05-26"
277,"The Media Has A Probability Problem",https://fivethirtyeight.com/features/the-media-has-a-probability-problem/,probability,0,0,"2022-05-26"
278,"R release names",https://livefreeordichotomize.com/2017/09/28/r-release-names/,R,0,0,"2022-05-26"
279,"Data Viz Project",https://datavizproject.com/,visualisation,0,1,"2022-05-26"
280,"The Python Graph Gallery",https://www.python-graph-gallery.com/,Python,0,1,"2022-05-26"
281,"An Introduction to Hierarchical Modeling",http://mfviz.com/hierarchical-models/,multilevel,0,1,"2022-05-26"
282,"Small multiples for the German elections 2017",https://interaktiv.morgenpost.de/analyse-bundestagswahl-2017/data/btw17_analysis.html,R,0,0,"2022-05-26"
283,"Germany's election and the trouble with correlation",https://www.ft.com/content/94e3acec-a767-11e7-ab55-27219df83c97,correlation,0,0,"2022-05-26"
284,"Developing a data visualisation style",https://medium.com/@traffordDataLab/developing-a-data-visualisation-style-cd24f88fa59,R,0,0,"2022-05-26"
285,"4 Tools to Pick Your Chart Colors",https://flowingdata.com/2017/10/24/4-tools-to-pick-your-chart-colors/,visualisation,0,0,"2022-05-26"
286,"Introduction to Network Analysis with R",https://www.jessesadler.com/post/network-analysis-with-r/,R,0,0,"2022-05-26"
287,"Introduction to gghighlight: Highlight ggplot's Lines and Points with Predicates",https://yutani.rbind.io/post/2017-10-06-gghighlight/,R,0,0,"2022-05-26"
288,"How To Properly Preregister A Study",http://datacolada.org/64,replication,0,0,"2022-05-26"
289,"Understanding common misconceptions about p-values",http://daniellakens.blogspot.com/2017/12/understanding-common-misconceptions.html,hypothesis,0,1,"2022-05-27"
290,"Excel vs R: A Brief Introduction to R",https://www.jessesadler.com/post/excel-vs-r/,R,0,0,"2022-05-27"
291,"When did the golden age of The Simpsons end?",http://www.nathancunn.com/2017-10-26-simpsons-decline/,R,0,0,"2022-05-27"
292,"Data Visualization Graduate Course",https://curran.github.io/dataviz-course-archive/,visualisation,0,0,"2022-05-27"
293,"A Guide to Reproducible Code in Ecology and Evolution",https://www.britishecologicalsociety.org/wp-content/uploads/2017/12/guide-to-reproducible-code.pdf,replication,0,0,"2022-05-27"
294,"Data Organization in Spreadsheets",https://doi.org/10.1080/00031305.2017.1375989,data,0,1,"2022-05-28"
295,"Data science terminology",https://ubc-mds.github.io/resources_pages/terminology/,machinelearning,0,1,"2022-05-28"
296,"Using Big Data to Solve Economic and Social Problems",https://opportunityinsights.org/course/,data,0,0,"2022-05-28"
297,"Data Visualization for Political Scientists",https://felixhaass.github.io/dataviz_ggplot2/,R,0,0,"2022-05-28"
298,"Fundamentals of Data Visualization",https://clauswilke.com/dataviz/,books,0,1,"2022-05-29"
299,"Webcast: Machine Learning and Econometrics",https://www.aeaweb.org/conference/cont-ed/2018-webcasts,machinelearning,0,1,"2022-05-29"
300,"Quanteda tutorials",https://tutorials.quanteda.io/,textanalysis,0,1,"2022-05-29"
301,"Thinking Clearly About Correlations and Causation: Graphical Causal Models for Observational Data",https://doi.org/10.1177%2F2515245917745629,regression,0,1,"2022-05-29"
302,"Visualizing Incomplete and Missing Data",https://flowingdata.com/2018/01/30/visualizing-incomplete-and-missing-data/,missingdata,0,1,"2022-05-29"
303,"Analyze Survey Data for Free",http://asdfree.com/,R,0,0,"2022-05-29"
304,"Visualizing Outliers",https://flowingdata.com/2018/03/07/visualizing-outliers/,visualisation,0,1,"2022-05-29"
305,"What to consider when creating choropleth maps",https://blog.datawrapper.de/choroplethmaps/,spatial,0,1,"2022-05-29"
306,"Data: Sharing Is Caring",https://doi.org/10.1177/2515245918758319,data,0,1,"2022-05-29"
307,"Comprehensive list of color palettes available in R",https://github.com/EmilHvitfeldt/r-color-palettes,R,0,0,"2022-05-29"
308,"Generating codebooks in R",http://sandsynligvis.dk/2018/03/03/generating-codebooks-in-r/,R,0,0,"2022-05-29"
309,"Prime Hints For Running A Data Project In R",https://kkulma.github.io/2018-03-18-Prime-Hints-for-Running-a-data-project-in-R/,R,0,0,"2022-05-29"
310,"Statistical vignette of the day as a teaching tool",https://dynamicecology.wordpress.com/2018/03/19/statistical-vignette-of-the-day-as-a-teaching-tool/,teaching,0,0,"2022-05-29"
311,"ggplot2: How Geoms & Aesthetics ≈ Whipped Cream",https://trinkerrstuff.wordpress.com/2018/03/21/ggplot2-how-geoms-aesthetics-%E2%89%88-whipped-cream/,R,0,0,"2022-05-29"
312,"Animated Population Pyramids in R",https://kieranhealy.org/blog/archives/2018/04/08/animated-population-pyramids-in-r/,R,0,0,"2022-05-29"
313,"ML beyond Curve Fitting: An Intro to Causal Inference and do-Calculus",https://www.inference.vc/untitled/,machinelearning,0,1,"2022-05-30"
314,"Why not to use two axes, and what to use instead",https://blog.datawrapper.de/dualaxis/,visualisation,0,1,"2022-05-30"
315,"Clickbait-Corrected p-Value",https://xkcd.com/2001/,funny,0,1,"2022-05-30"
316,"Xenographics",https://xeno.graphics/,visualisation,0,0,"2022-05-30"
317,"Digging deeper: online resources for intermediate to advanced R users",https://edomt.github.io/Intermediate-Advanced-R/,R,0,0,"2022-05-30"
318,"R code for animated chord diagrams",https://guyabel.com/post/animated-directional-chord-diagrams/,R,0,0,"2022-05-30"
319,"Making a twitter dashboard with R",https://jsta.rbind.io/blog/making-a-twitter-dashboard-with-r/,R,0,0,"2022-05-30"
320,"What to consider when choosing colors for data visualization",https://blog.datawrapper.de/colors/,visualisation,0,0,"2022-05-30"
321,"A visual introduction to machine learning",http://www.r2d3.us/visual-intro-to-machine-learning-part-1/,machinelearning,0,1,"2022-05-31"
322,"From Data to Viz",https://www.data-to-viz.com/,visualisation,0,1,"2022-05-31"
323,"Fitting Bayesian Models using Stan and R",https://www.weirdfishes.blog/blog/fitting-bayesian-models-with-stan-and-r/,R,0,0,"2022-05-31"
324,"How to read a log scale: Growth rate",https://blog.datawrapper.de/weeklychart-logscale/,visualisation,0,0,"2022-05-31"
325,"How to read a log scale: The chart that can't start at zero",https://blog.datawrapper.de/weeklychart-logscale2/,visualisation,0,0,"2022-05-31"
326,"How to read a log scale: What Mike Bostock means",https://blog.datawrapper.de/weeklychart-logscale3/,visualisation,0,0,"2022-05-31"
327,"Bubble-grid-maps",https://jschoeley.github.io/2018/06/30/bubble-grid-map.html,R,0,0,"2022-05-31"
328,"If You Say Something Is “Likely,” How Likely Do People Think It Is?",https://hbr.org/2018/07/if-you-say-something-is-likely-how-likely-do-people-think-it-is,probability,0,0,"2022-05-31"
329,"Analyzing IMDb Data The Intended Way, with R and ggplot2",https://minimaxir.com/2018/07/imdb-data-analysis/,R,0,0,"2022-05-31"
330,"A compendium of methods and stats resources for (social) psychologists",https://cescup.ulb.be/a-compendium-of-useful-stats-pages-for-social-psychologists/,replication,0,0,"2022-05-31"
331,"Uncluttered Stata Graphs",https://gray.kimbrough.info/uncluttered-stata-graphs/,Stata,0,1,"2022-06-01"
332,"Mapping Sinclair Broadcast's reach",https://r-journalism.com/posts/2018-07-17-sf-sinclair-map/map/,R,0,0,"2022-06-01"
333,"Layered Presentation of Graphics with +aes() in ggplot2",https://evangelinereynolds.netlify.app/post/layered-presentation-of-graphics-with-aes-in-ggplot2/,R,0,0,"2022-06-01"
334,"The Basics of Bayesian Inference",https://www.boelstad.net/post/bayesian_statistics_introduction/,R,0,0,"2022-06-01"
335,"An Introduction to Markov Chain Monte Carlo Sampling",https://www.boelstad.net/post/mcmc_sampling_introduction/,R,0,0,"2022-06-01"
336,"tidybayes: Bayesian analysis + tidy data + geoms",http://mjskay.github.io/tidybayes/,R,0,0,"2022-06-01"
337,"DataViz Cheatsheet",https://policyviz.com/2018/08/07/dataviz-cheatsheet/,visualisation,0,0,"2022-06-01"
338,"Adding Parties' Government/Opposition Status to the Manifesto Project Dataset using ParlGov Data",https://manifesto-project.wzb.eu/tutorials/parlgov_merge,R,0,0,"2022-06-01"
339,"Guidelines for A/B Testing",https://hookedondata.org/guidelines-for-ab-testing/,experiments,0,0,"2022-06-01"
340,"Exploring ggplot2 boxplots - Defining limits and adjusting style",https://waterdata.usgs.gov/blog/boxplots/,R,0,0,"2022-06-01"
341,"Geocomputation with R",https://geocompr.robinlovelace.net/index.html,R,0,0,"2022-06-01"
342,"Election reporting: Which color for which party?",https://blog.datawrapper.de/partycolors/,visualisation,0,0,"2022-06-01"
343,"Election results in pink & blue",https://blog.datawrapper.de/weekly42-berlin-election-result-map/,visualisation,0,0,"2022-06-01"
344,"Text as Data Association",https://quanttext.com/2019/04/02/text-as-data-association/,R,0,0,"2022-06-02"
345,"R package for calculating poll of polls",https://github.com/mikkelkrogsholm/pollofpolls,R,0,0,"2022-06-02"
346,"Custom Themes in ggplot2",https://www.statworx.com/en/content-hub/blog/custom-themes-in-ggplot2,R,0,0,"2022-06-02"
347,"Declare and Diagnose Your Research Design",https://declaredesign.org/,R,0,0,"2022-06-02"
348,"Resources on Visualizing Uncertainty",https://docs.google.com/spreadsheets/d/1cQZr9Klki2g2cI-VNjv3A4DLg7uBtQvz3R7bn9dVfuA/edit,visualisation,0,0,"2022-06-02"
349,"p-hacker: Train your p-hacking skills!",https://www.shinyapps.org/apps/p-hacker/,hypothesis,0,0,"2022-06-02"
350,"Data Wrangling Part 1: Basic to Advanced Ways to Select Columns",https://suzan.rbind.io/2018/01/dplyr-tutorial-1/,R,0,0,"2022-06-02"
351,"Data Wrangling Part 2: Transforming your columns into the right shape",https://suzan.rbind.io/2018/02/dplyr-tutorial-2/,R,0,0,"2022-06-02"
352,"Data Wrangling Part 3: Basic and more advanced ways to filter rows",https://suzan.rbind.io/2018/02/dplyr-tutorial-3/,R,0,0,"2022-06-02"
353,"Data Wrangling Part 4: Summarizing and slicing your data",https://suzan.rbind.io/2018/04/dplyr-tutorial-4/,R,0,0,"2022-06-02"
354,"Label line ends in time series with ggplot2",https://drsimonj.svbtle.com/label-line-ends-in-time-series-with-ggplot2,R,0,0,"2022-06-02"
355,"The hacker's guide to uncertainty estimates",https://erikbern.com/2018/10/08/the-hackers-guide-to-uncertainty-estimates.html,R,0,0,"2022-06-02"
356,"Hands-On Programming with R",https://rstudio-education.github.io/hopr/,R,0,1,"2022-06-03"
357,"Introduction to Econometrics with R",https://www.econometrics-with-r.org/,R,0,1,"2022-06-03"
358,"Generating data to explore the myriad causal effects that can be estimated in observational data analysis",https://www.rdatagen.net/post/generating-data-to-explore-the-myriad-causal-effects/,R,0,0,"2022-06-03"
359,"Ask the Question, Visualize the Answer",https://flowingdata.com/2018/10/17/ask-the-question-visualize-the-answer/,visualisation,0,0,"2022-06-03"
360,"Statistical Rethinking with brms, ggplot2, and the tidyverse",https://bookdown.org/content/1850/,R,0,0,"2022-06-03"
361,"Twitter, political ideology & the 115th US Senate",https://www.jtimm.net/2018/11/03/twitter-political-ideology-and-the-115-us-senate/,R,0,0,"2022-06-03"
362,"You Can't Test Instrument Validity",https://p-hunermund.com/2018/10/30/you-cant-test-instrument-validity/,regression,0,0,"2022-06-03"
363,"Tidytext Tutorials",https://computational.journalism.wisc.edu/2018/11/16/tidytext-tutorials/,R,0,0,"2022-06-03"
364,"What's the best way to learn the programming language R? (Preferably, for free)",https://qz.com/1464525/whats-the-best-way-to-learn-the-programming-language-r-preferably-for-free/,R,0,0,"2022-06-03"
365,"Learning Statistics with R",https://learningstatisticswithr.com/,R,0,1,"2022-06-04"
366,"A biased tour of the uncertainty visualization zoo",https://www.mjskay.com/presentations/tapestry2018-uncertainty.pdf,visualisation,0,1,"2022-06-04"
367,"Survey Raking: An Illustration",https://datawookie.dev/blog/2018/12/survey-raking-an-illustration/,R,0,0,"2022-06-04"
368,"The 45 Best — And Weirdest — Charts We Made In 2018",https://fivethirtyeight.com/features/the-45-best-and-weirdest-charts-we-made-in-2018/,visualisation,0,0,"2022-06-04"
369,"The Year in Graphics",https://www.bloomberg.com/graphics/2018-in-graphics/,visualisation,0,0,"2022-06-04"
370,"Best Data Visualization Projects of 2018",https://flowingdata.com/2018/12/27/best-data-visualization-projects-of-2018/,visualisation,0,0,"2022-06-04"
371,"Topics in Econometrics: Advances in Causality and Foundations of Machine Learning",https://maxkasy.github.io/home/TopicsInEconometrics2019/,machinelearning,0,0,"2022-06-04"
372,"EDUC 263: Introduction to Data Management Using R",https://ozanj.github.io/rclass/resources/,R,0,0,"2022-06-04"
373,"How Do I? …(do that in R)",https://smach.github.io/R4JournalismBook/HowDoI.html,R,0,0,"2022-06-04"
374,"Text classification with tidy data principles",https://juliasilge.com/blog/tidy-text-classification/,R,0,0,"2022-06-04"
375,"gt: Easily Create Presentation-Ready Display Tables",https://gt.rstudio.com/,R,0,0,"2022-06-04"
376,"Text as Data",https://cbail.github.io/textasdata/Text_as_Data.html,R,0,0,"2022-06-04"
377,"Causal Inference: What If (the book)",https://www.hsph.harvard.edu/miguel-hernan/causal-inference-book/,causality,0,1,"2022-06-05"
378,"How the BBC Visual and Data Journalism team works with graphics in R",https://medium.com/bbc-visual-and-data-journalism/how-the-bbc-visual-and-data-journalism-team-works-with-graphics-in-r-ed0b35693535,R,0,1,"2022-06-05"
379,"DS-GA 3001.009: Special Topics in Data Science: Responsible Data Science",https://dataresponsibly.github.io/courses/spring19/,ethics,0,1,"2022-06-05"
380,"Keeping up to date with R news",https://masalmon.eu/2019/01/25/uptodate/,R,0,0,"2022-06-05"
381,"Half a dozen frequentist and Bayesian ways to measure the difference in means in two groups",https://www.andrewheiss.com/blog/2019/01/29/diff-means-half-dozen-ways/,R,0,0,"2022-06-05"
382,"tidylog",https://github.com/elbersb/tidylog,R,0,0,"2022-06-05"
383,"Here's why 2019 is a great year to start with R: A story of 10 year old R code then and now",https://jozef.io/r908-10-year-old-code/,R,0,0,"2022-06-05"
384,"Causal Data Science",https://medium.com/causal-data-science/causal-data-science-721ed63a4027,machinelearning,0,0,"2022-06-05"
385,"From Psychologist to Data Scientist",https://www.neurotroph.de/2019/01/from-psychologist-to-data-scientist/,academia,0,0,"2022-06-05"
386,"Causal Graphs Seminar, Summer 2018",http://julianschuessler.net/graphs2018.html,causality,0,0,"2022-06-05"
387,"R Coding Style Guide",https://irudnyts.github.io//r-coding-style-guide/,R,0,0,"2022-06-05"
388,"Explaining the 2016 Democratic Primary with Machine Learning",https://medium.com/@zachacrowell/explaining-the-2016-democratic-primary-with-machine-learning-bb1fe665c688,R,0,0,"2022-06-05"
389,"A guide to making your data analysis more reproducible",https://inundata.org/talks/rstd19/,replication,0,0,"2022-06-05"
390,"Exploring the multiplication table with R",https://solmos.netlify.app/post/2018-11-06-multiplication-table/multiplication-table-with-r/,R,0,0,"2022-06-05"
391,"An R Package for H.C. Andersens fairy tales",https://github.com/EmilHvitfeldt/hcandersenr,R,0,0,"2022-06-05"
392,"Understanding propensity score weighting",https://livefreeordichotomize.com/2019/01/17/understanding-propensity-score-weighting/,matching,0,0,"2022-06-05"
393,"R for Political Data",https://www.thecrosstab.com/categories/r-for-political-data/,R,0,0,"2022-06-06"
394,"Data Science Foundations: Know your data. Really, really, know it",https://towardsdatascience.com/data-science-foundations-know-your-data-really-really-know-it-a6bb97eb991c,data,0,0,"2022-06-06"
395,"P-values 101: An attempt at an intuitive but mathematically correct explanation",http://xeniaschmalz.blogspot.com/2019/02/p-values-101-attempt-at-intuitive-but.html,hypothesis,0,0,"2022-06-06"
396,"Merging Comparative Manifesto Project and ParlGov cabinet composition data at the party-level",https://haukelicht.github.io/merge-cmp-and-pgv-data/,R,0,0,"2022-06-06"
397,"Choropleth maps with R - the Belgian edition",https://www.woutervandooren.eu/post/20190222_map_rstat/,R,0,0,"2022-06-06"
398,"Web Data Scraping",https://github.com/CU-ITSS/Web-Data-Scraping-S2019,Python,0,0,"2022-06-06"
399,"Chidi's budget and utility: doing algebra and calculus with R and yacas",https://www.andrewheiss.com/blog/2019/02/16/algebra-calculus-r-yacas/,R,0,0,"2022-06-06"
400,"The New Heuristics",https://daniellakens.blogspot.com/2019/03/the-new-heuristics.html,replication,0,0,"2022-06-06"
401,"You Need to Start Branding Your Graphs. Here's How, with ggplot!",https://michaeltoth.me/you-need-to-start-branding-your-graphs-heres-how-with-ggplot.html,R,0,0,"2022-06-06"
402,"Mistakes, we've drawn a few",https://medium.economist.com/mistakes-weve-drawn-a-few-8cdd8a42d368,visualisation,0,1,"2022-06-07"
403,"Common statistical tests are linear models (or: how to teach stats)",https://lindeloev.github.io/tests-as-linear/,regression,0,1,"2022-06-07"
404,"Twenty rules for good graphics",https://robjhyndman.com/hyndsight/graphics/,visualisation,0,1,"2022-06-07"
405,"A data.table and dplyr tour",https://atrebas.github.io/post/2019-03-03-datatable-dplyr/,R,0,0,"2022-06-07"
406,"gganimate: The grammar of animation",https://slides.mitchelloharawild.com/wombat-gganimate/,R,0,0,"2022-06-07"
407,"Explore your Researcher Degrees of Freedom",https://joachim-gassen.github.io/2019/03/explore-your-researcher-degrees-of-freedom/,R,0,0,"2022-06-07"
408,"Teaching material: Data analytics and visualization",https://www.yan-holtz.com/teaching,R,0,0,"2022-06-07"
409,"Scraping Data from the Web with rvest",http://cmcr-class.rbind.io/blog/2019/03/14/scraping-data/,R,0,0,"2022-06-07"
410,"Winners of the 1st Shiny Contest",https://www.rstudio.com/blog/first-shiny-contest-winners/,R,0,0,"2022-06-07"
411,"Rachael's R Tutorials",https://www.kaggle.com/code/rtatman/rachael-s-r-tutorials/notebook,R,0,0,"2022-06-07"
412,"Web Scraping for Broad City Charts",http://data-chips.com/2019/04/17/web-scraping-for-broad-city-charts/,R,0,0,"2022-06-07"
413,"implementing the super learner with tidymodels",https://www.alexpghayes.com/post/2019-04-13_implementing-the-superlearner-with-tidymodels/,R,0,0,"2022-06-07"
414,"Three things to know beyond base R",https://mikewk.com/post/2019-04-23-three-things-to-know-beyond-base-r/,R,0,0,"2022-06-07"
415,"Interpretable Machine Learning: A Guide for Making Black Box Models Explainable",https://christophm.github.io/interpretable-ml-book/,machinelearning,0,1,"2022-06-06"
416,"Why so much hate against propensity score matching?",https://p-hunermund.com/2019/02/06/why-so-much-hate-against-propensity-score-matching/,matching,0,0,"2022-06-06"
417,"The Permutation Test: A Visual Explanation of Statistical Testing",https://www.jwilber.me/permutationtest/,hypothesis,0,1,"2022-06-10"
418,"What happens when a survey estimate doesn't match a known benchmark",https://medium.com/pew-research-center-decoded/what-happens-when-a-survey-estimate-doesnt-match-a-known-benchmark-ee4dcc98116c,replication,0,0,"2022-06-10"
419,"The Evolution of a ggplot (Ep. 1)",https://cedricscherer.netlify.app/2019/05/17/the-evolution-of-a-ggplot-ep.-1/,R,0,0,"2022-06-10"
420,"R Visualization",https://clanfear.github.io/R_Visualization_Workshop/,R,0,0,"2022-06-10"
421,"Dog breed popularity chart",https://luisdva.github.io/rstats/dog-popularity/,R,0,0,"2022-06-10"
422,"11,264 Regressions in One Tidy Plot",https://joachim-gassen.github.io/2019/04/11264-regressions-in-one-tidy-plot/,R,0,0,"2022-06-10"
423,"R Best Practices",https://kdestasio.github.io/post/r_best_practices/,R,0,0,"2022-06-10"
424,"tuning ggplot themes: a flipbook",https://evamaerey.github.io/little_flipbooks_library/taming_themes_in_ggplot/taming_ggplot_themes.html,R,0,0,"2022-06-10"
425,"Generalized Additive Models in R",https://noamross.github.io/gams-in-r-course/,R,0,0,"2022-06-10"
426,"Free R reading material",https://committedtotape.shinyapps.io/freeR/,R,0,0,"2022-06-10"
427,"A new package for panel data analysis in R",https://jacob-long.com/post/panelr-intro/,R,0,0,"2022-06-10"
428,"Hands-On Machine Learning with R",https://bradleyboehmke.github.io/HOML/,R,0,1,"2022-06-11"
429,"The Truth About Linear Regression",https://www.stat.cmu.edu/~cshalizi/TALR/,regression,0,1,"2022-06-11"
430,"Storyline",https://play.storylinegame.com/public/play,teaching,0,1,"2022-06-11"
431,"testing statistical software",https://www.alexpghayes.com/post/2019-06-07_testing-statistical-software/,software,0,1,"2022-06-11"
432,"Data Viz Book Reviews",https://www.elsabirch.com/dataviz/bookreview.html,visualisation,0,0,"2022-06-11"
433,"Make Multi-point “dumbbell” Plots in ggplot2",https://rud.is/b/2019/06/06/make-multi-point-dumbbell-plots-in-ggplot2/,R,0,0,"2022-06-11"
434,"City Intelligence Data Design Guidelines",https://data.london.gov.uk/blog/city-intelligence-data-design-guidelines/,visualisation,0,0,"2022-06-11"
435,"shinyApp(), runApp(), shinyAppDir(), and a fourth option",https://rtask.thinkr.fr/shinyapp-runapp-shinyappdir-difference/,R,0,0,"2022-06-11"
436,"Reordering and facetting for ggplot2",https://juliasilge.com/blog/reorder-within/,R,0,0,"2022-06-11"
437,"R Docker tutorial",https://jsta.github.io/r-docker-tutorial/,R,0,0,"2022-06-11"
438,"Introducing trendyy",http://josiahparry.com/post/2019-05-25-introducing-trendyy/,R,0,0,"2022-06-11"
439,"R you ready to make charts?",https://www.williamrchase.com/slides/ggplot_intro.html,R,0,0,"2022-06-11"
440,"Tidy Data Science Workshop",https://tidy-ds.wjakethompson.com/,R,0,0,"2022-06-11"
441,"Using tidyverse tools with Pew Research Center survey data in R",https://medium.com/pew-research-center-decoded/using-tidyverse-tools-with-pew-research-center-survey-data-in-r-bdfe61de0909,R,0,0,"2022-06-11"
442,"A Gentle Introduction to tidymodels",https://rviews.rstudio.com/2019/06/19/a-gentle-intro-to-tidymodels/,R,0,0,"2022-06-11"
443,"Practical Data Science: an introduction to the PeerJ collection",https://teachdatascience.com/peerj/,general,0,0,"2022-06-11"
444,"Mastering Shiny",https://mastering-shiny.org/,R,0,1,"2022-06-12"
445,"How to Get Better at Embracing Unknowns",https://www.scientificamerican.com/article/how-to-get-better-at-embracing-unknowns/,probability,0,1,"2022-06-12"
446,"Your Friendly Guide to Colors in Data Visualisation",https://blog.datawrapper.de/colorguide/,visualisation,0,1,"2022-06-12"
447,"Learning Data Visualization",https://www.visualcinnamon.com/resources/learning-data-visualization/,visaulisation,0,1,"2022-06-12"
448,"Reference Collection to push back against “Common Statistical Myths”",https://discourse.datamethods.org/t/reference-collection-to-push-back-against-common-statistical-myths/1787,general,0,1,"2022-06-12"
449,"Keep It Together: Using the tidyverse for machine learning",https://www.jwilber.me/nest/,R,0,0,"2022-06-12"
450,"Learn to purrr",https://www.rebeccabarter.com/blog/2019-08-19_purrr/,R,0,0,"2022-06-12"
451,"A Comprehensive List of Handy R Packages",https://towardsdatascience.com/a-comprehensive-list-of-handy-r-packages-e85dad294b3d,R,0,0,"2022-06-12"
452,"The challenges of using machine learning to identify gender in images",https://www.pewresearch.org/internet/2019/09/05/the-challenges-of-using-machine-learning-to-identify-gender-in-images/,machinelearning,0,0,"2022-06-12"
453,"How is polling done around the world?",https://www.pewresearch.org/fact-tank/2019/07/16/how-is-polling-done-around-the-world/,survey,0,0,"2022-06-12"
454,"Drawing maps in R",https://emilmalta.netlify.app/maps.html,R,0,0,"2022-06-12"
455,"Potential Outcome and Directed Acyclic Graph Approaches to Causality: Relevance for Empirical Practice in Economics",https://arxiv.org/abs/1907.07271,causality,0,0,"2022-06-12"
456,"Visualizing Locke and Mill: a tidytext analysis,https://sethdobson.netlify.app/2019/07/24/visualizing-locke-and-mill-a-tidytext-analysis/,R,0,0,"2022-06-12"
457,"Tutorial: Cleaning UK Office for National Statistics data in R",http://lesscrime.info/post/cleaning-ons-data/,R,0,0,"2022-06-12"
458,"Transitioning into the tidyverse (part 1)",https://www.rebeccabarter.com/blog/2019-08-05_base_r_to_tidyverse/,R,0,0,"2022-06-12"
459,"Transitioning into the tidyverse (part 2)",https://www.rebeccabarter.com/blog/2019-08-05_base_r_to_tidyverse_pt2/,R,0,0,"2022-06-12"
460,"mutate_all(), select_if(), summarise_at()... what's the deal with scoped verbs?!",https://www.rebeccabarter.com/blog/2019-01-23_scoped-verbs/,R,0,0,"2022-06-12"
461,"Tools for Exploring and Comparing Data Frames",https://github.com/alastairrushworth/inspectdf,R,0,0,"2022-06-12"
462,"Tom's Cookbook for Better Viz",https://jthomasmock.github.io/nfl_plotting_cookbook/,R,0,0,"2022-06-12"
463,"Themes to Improve Your ggplot Figures",https://rfortherestofus.com/2019/08/themes-to-improve-your-ggplot-figures/,R,0,0,"2022-06-12"
464,"What Statistics Can and Can't Tell Us About Ourselves",https://www.newyorker.com/magazine/2019/09/09/what-statistics-can-and-cant-tell-us-about-ourselves,machinelearning,0,0,"2022-06-12"
465,"A Graphical Introduction to tidyr's pivot_*()",https://speakerdeck.com/yutannihilation/a-graphical-introduction-to-tidyrs-pivot-star,R,0,0,"2022-06-12"
466,"n() cool #dplyr things",https://speakerdeck.com/romainfrancois/n-cool-number-dplyr-things,R,0,0,"2022-06-12"
467,"NYT-style urban heat island maps",https://www.katiejolly.io/blog/2019-08-28/nyt-urban-heat,R,0,0,"2022-06-12"
468,"Quantitative Economics with Python",https://python.quantecon.org/intro.html,Python,0,1,"2022-06-14"
469,"Doing Meta-Analysis in R: A Hands-on Guide",https://bookdown.org/MathiasHarrer/Doing_Meta_Analysis_in_R/,R,0,1,"2022-06-14"
470,"The Little Handbook of Statistical Practice",http://www.jerrydallal.com/LHSP/LHSP.htm,general,0,0,"2022-06-14"
471,"Mastering R presentations",https://codingclubuc3m.rbind.io/post/2019-09-24/,R,0,0,"2022-06-14"
472,"Create regular expressions easily",https://rverbalexpressions.netlify.app/index.html,R,0,0,"2022-06-14"
473,"Appreciating R: The Ease of Testing Linear Model Assumptions",https://joshualoong.com/2019/09/20/Appreciating-R-The-Ease-of-Testing-Linear-Model-Assumptions/,R,0,0,"2022-06-14"
474,"Just Quickly: The unexpected use of functions as arguments",https://www.njtierney.com/post/2019/09/29/unexpected-function/,R,0,0,"2022-06-14"
475,"Glue magic Part I",https://www.njtierney.com/post/2019/07/07/glue-magic-p1/,R,0,0,"2022-06-14"
476,"Pivoting tidily",https://fromthebottomoftheheap.net/2019/10/25/pivoting-tidily/,R,0,0,"2022-06-14"
477,"Introducing fable",https://www.mitchelloharawild.com/blog/fable/,R,0,0,"2022-06-14"
478,"Advancing Text Mining with R and quanteda",https://www.mzes.uni-mannheim.de/socialsciencedatalab/article/advancing-text-mining/,R,0,0,"2022-06-14"
479,"Map coloring: the color scale styles available in the tmap package",https://geocompr.github.io/post/2019/tmap-color-scales/,R,0,0,"2022-06-14"
480,"Practical ggplot2",https://github.com/wilkelab/practicalgg/,R,0,0,"2022-06-14"
481,"Data Integrity Tests for R",http://www.nickeubank.com/data-integrity-tests-r/,R,0,0,"2022-06-14"
